{"cameraMode":{"drawMode":0,"name":"Shaded","section":"Shading Mode"},"sceneLighting":false,"audioPlay":false,"sceneViewState":{"m_AlwaysRefresh":false,"showFog":true,"showSkybox":false,"showFlares":true,"showImageEffects":true,"showParticleSystems":true,"showVisualEffectGraphs":true,"m_FxEnabled":true},"in2DMode":false,"pivot":{"x":-2.2198281288146974,"y":-6.512452125549316,"z":31.322546005249025},"rotation":{"x":0.16294296085834504,"y":0.04141955450177193,"z":-0.006892716977745295,"w":0.985812246799469},"size":25.276897430419923,"orthographic":false}